CookID,FirstName,LastName,PhoneNumber,DateOfBirth,Age,YearsOfExperience,Specialization,Qualification
1,FirstName1,LastName1,1234567891,1980-01-01,44,3,Specialization1,Qualification1
2,FirstName2,LastName2,1234567892,1980-01-02,44,2,Specialization2,Qualification2
3,FirstName3,LastName3,1234567893,1980-01-03,44,3,Specialization3,Qualification3
4,FirstName4,LastName4,1234567894,1980-01-04,44,4,Specialization4,Qualification4
5,FirstName5,LastName5,1234567895,1980-01-05,44,5,Specialization5,Qualification5
6,FirstName6,LastName6,1234567896,1980-01-06,44,6,Specialization6,Qualification6
7,FirstName7,LastName7,1234567897,1980-01-07,44,7,Specialization7,Qualification7
8,FirstName8,LastName8,1234567898,1980-01-08,44,8,Specialization8,Qualification8
9,FirstName9,LastName9,1234567899,1980-01-09,44,9,Specialization9,Qualification9
10,FirstName10,LastName10,12345678910,1980-01-10,44,10,Specialization10,Qualification10
11,FirstName11,LastName11,12345678911,1980-01-11,44,11,Specialization11,Qualification11
12,FirstName12,LastName12,12345678912,1980-01-12,44,12,Specialization12,Qualification12
13,FirstName13,LastName13,12345678913,1980-01-13,44,13,Specialization13,Qualification13
14,FirstName14,LastName14,12345678914,1980-01-14,44,14,Specialization14,Qualification14
15,FirstName15,LastName15,12345678915,1980-01-15,44,15,Specialization15,Qualification15
16,FirstName16,LastName16,12345678916,1980-01-16,44,16,Specialization16,Qualification16
17,FirstName17,LastName17,12345678917,1980-01-17,44,17,Specialization17,Qualification17
18,FirstName18,LastName18,12345678918,1980-01-18,44,18,Specialization18,Qualification18
19,FirstName19,LastName19,12345678919,1980-01-19,44,19,Specialization19,Qualification19
20,FirstName20,LastName20,12345678920,1980-01-20,44,20,Specialization20,Qualification20
21,FirstName21,LastName21,12345678921,1980-01-21,44,21,Specialization21,Qualification21
22,FirstName22,LastName22,12345678922,1980-01-22,44,22,Specialization22,Qualification22
23,FirstName23,LastName23,12345678923,1980-01-23,44,23,Specialization23,Qualification23
24,FirstName24,LastName24,12345678924,1980-01-24,44,24,Specialization24,Qualification24
25,FirstName25,LastName25,12345678925,1980-01-25,44,25,Specialization25,Qualification25
26,FirstName26,LastName26,12345678926,1980-01-26,44,26,Specialization26,Qualification26
27,FirstName27,LastName27,12345678927,1980-01-2,44,27,Specialization27,Qualification27
28,FirstName28,LastName28,12345678928,1980-01-2,44,28,Specialization28,Qualification28
29,FirstName29,LastName29,12345678929,1980-01-2,44,29,Specialization29,Qualification29
30,FirstName30,LastName30,12345678930,1980-01-3,44,0,Specialization30,Qualification30
31,FirstName31,LastName31,12345678931,1980-01-3,44,1,Specialization31,Qualification31
32,FirstName32,LastName32,12345678932,1980-01-3,44,2,Specialization32,Qualification32
33,FirstName33,LastName33,12345678933,1980-01-3,44,3,Specialization33,Qualification33
34,FirstName34,LastName34,12345678934,1980-01-3,44,4,Specialization34,Qualification34
35,FirstName35,LastName35,12345678935,1980-01-3,44,5,Specialization35,Qualification35
36,FirstName36,LastName36,12345678936,1980-01-3,44,6,Specialization36,Qualification36
37,FirstName37,LastName37,12345678937,1980-01-3,44,7,Specialization37,Qualification37
38,FirstName38,LastName38,12345678938,1980-01-3,44,8,Specialization38,Qualification38
39,FirstName39,LastName39,12345678939,1980-01-3,44,9,Specialization39,Qualification39
40,FirstName40,LastName40,12345678940,1980-01-4,44,10,Specialization40,Qualification40
41,FirstName41,LastName41,12345678941,1980-01-5,44,11,Specialization41,Qualification41
42,FirstName42,LastName42,12345678942,1980-01-4,44,12,Specialization42,Qualification42
43,FirstName43,LastName43,12345678943,1980-01-3,44,13,Specialization43,Qualification43
44,FirstName44,LastName44,12345678944,1980-01-2,44,14,Specialization44,Qualification44
45,FirstName45,LastName45,12345678945,1980-01-1,44,15,Specialization45,Qualification45
46,FirstName46,LastName46,12345678946,1980-01-1,44,16,Specialization46,Qualification46
47,FirstName47,LastName47,12345678947,1980-01-1,44,17,Specialization47,Qualification47
48,FirstName48,LastName48,12345678948,1980-01-1,44,18,Specialization48,Qualification48
49,FirstName49,LastName49,12345678949,1980-01-1,44,19,Specialization49,Qualification49
50,FirstName50,LastName50,12345678950,1980-01-1,44,20,Specialization50,Qualification50
51,FirstName51,LastName51,12345678950,1980-01-1,44,20,Specialization50,Qualification50
