ImageID,EntityType,EntityID,ImagePath
1,Recipe,1,/images/recipe1.jpg
2,Recipe,2,/images/recipe2.jpg
3,Recipe,3,/images/recipe3.jpg
4,Recipe,4,/images/recipe4.jpg
5,Recipe,5,/images/recipe5.jpg
6,Recipe,6,/images/recipe6.jpg
7,Recipe,7,/images/recipe7.jpg
8,Recipe,8,/images/recipe8.jpg
9,Recipe,9,/images/recipe9.jpg
10,Recipe,10,/images/recipe10.jpg
11,Recipe,11,/images/recipe11.jpg
12,Recipe,12,/images/recipe12.jpg
13,Recipe,13,/images/recipe13.jpg
14,Recipe,14,/images/recipe14.jpg
15,Recipe,15,/images/recipe15.jpg
16,Recipe,16,/images/recipe16.jpg
17,Recipe,17,/images/recipe17.jpg
18,Recipe,18,/images/recipe18.jpg
19,Recipe,19,/images/recipe19.jpg
20,Recipe,20,/images/recipe20.jpg
21,Recipe,21,/images/recipe21.jpg
22,Recipe,22,/images/recipe22.jpg
23,Recipe,23,/images/recipe23.jpg
24,Recipe,24,/images/recipe24.jpg
25,Recipe,25,/images/recipe25.jpg
26,Recipe,26,/images/recipe26.jpg
27,Recipe,27,/images/recipe27.jpg
28,Recipe,28,/images/recipe28.jpg
29,Recipe,29,/images/recipe29.jpg
30,Recipe,30,/images/recipe30.jpg
31,Recipe,31,/images/recipe31.jpg
32,Recipe,32,/images/recipe32.jpg
33,Recipe,33,/images/recipe33.jpg
34,Recipe,34,/images/recipe34.jpg
35,Recipe,35,/images/recipe35.jpg
36,Recipe,36,/images/recipe36.jpg
37,Recipe,37,/images/recipe37.jpg
38,Recipe,38,/images/recipe38.jpg
39,Recipe,39,/images/recipe39.jpg
40,Recipe,40,/images/recipe40.jpg
41,Recipe,41,/images/recipe41.jpg
42,Recipe,42,/images/recipe42.jpg
43,Recipe,43,/images/recipe43.jpg
44,Recipe,44,/images/recipe44.jpg
45,Recipe,45,/images/recipe45.jpg
46,Recipe,46,/images/recipe46.jpg
47,Recipe,47,/images/recipe47.jpg
48,Recipe,48,/images/recipe48.jpg
49,Recipe,49,/images/recipe49.jpg
50,Recipe,50,/images/recipe50.jpg
